1,795-73-9838,Catherine,Abel,31692.00
2,990-00-6818,Kim,Abercrombie,990.00
3,009-37-3952,Frances,Adams,5684.00
4,708-44-3627,Jay,Adams,55415.00
5,447-62-6279,Robert,Ahlering,49744.00
6,872-78-4732,Stanley,Alan,38584.00
7,898-79-8701,Paul,Alcorn,11918.00
8,561-88-3757,Mary,Alexander,17349.00
9,904-55-0991,Michelle,Alexander,70796.00
10,293-95-6617,Marvin,Allen,96956.00
11,260-99-4784,Oscar,Alpuerto,18386.00
12,605-29-1370,Ramona,Antrim,72548.00
13,731-35-9387,Thomas,Armstrong,72180.00
14,854-76-1401,John,Arthur,79054.00
15,775-20-2697,Chris,Ashton,6011.00
16,117-79-5230,Teresa,Atkinson,87089.00
17,607-41-3750,Stephen,Ayers,72344.00
18,412-66-3694,James,Bailey,33950.00
19,775-63-2547,Douglas,Baldwin,89945.00
20,779-52-1722,Wayne,Banack,73236.00
21,647-03-0271,Robert,Barker,23861.00
22,353-98-6954,John,Beaver,75812.00
23,817-89-8819,John,Beaver,19047.00
24,611-82-6762,Edna,Benson,59478.00
25,665-55-5653,Payton,Benson,98459.00
26,947-37-8651,Robert,Bernacchi,78183.00
27,071-31-7824,Robert,Bernacchi,79399.00
28,610-55-3726,Matthias,Berndt,20209.00
29,590-27-0856,Jimmy,Bischoff,24730.00
30,008-73-9012,Mae,Black,60057.00
31,137-23-1723,Donald,Blanton,65301.00
32,969-53-6095,Michael,Blythe,5635.00
33,222-42-8458,Gabriel,Bockenkamp,41020.00
34,163-08-2988,Luis,Bonifaz,85014.00
35,898-11-0280,Cory,Booth,49351.00
36,432-52-2738,Randall,Boseman,24063.00
37,018-29-9539,Cornelius,Brandon,91513.00
38,472-36-9060,Richard,Bready,26084.00
39,566-87-9214,Ted,Bremer,95506.00
40,771-34-9714,Alan,Brewer,35682.00
41,413-73-7072,Walter,Brian,5198.00
42,497-65-6363,Christopher,Bright,24216.00
43,450-26-2195,Willie,Brooks,55078.00
44,052-78-7929,Jo,Brown,17396.00
45,087-92-6356,Robert,Brown,99872.00
46,048-71-8953,Steven,Brown,88633.00
47,488-68-6075,Mary,Browning,59229.00
48,819-63-3780,Michael,Brundage,30996.00
49,599-61-7739,Shirley,Bruner,35872.00
50,772-36-0661,June,Brunner,84642.00
51,990-78-3760,Megan,Burke,76800.00
52,103-38-5903,Karren,Burkhardt,93306.00
53,146-43-8832,Linda,Burnett,56479.00
54,448-72-5948,Jared,Bustamante,7997.00
55,254-13-4819,Barbara,Calone,28720.00
56,666-45-9926,Lindsey,Camacho,11870.00
57,260-46-2402,Frank,Campbell,87501.00
58,189-92-4702,Henry,Campen,30494.00
59,718-12-8401,Chris,Cannon,2324.00
60,918-66-9747,Jane,Carmichael,22620.00
61,806-97-1958,Jovita,Carmody,37601.00
62,482-61-8230,Rob,Caron,16904.00
63,897-39-6229,Andy,Carothers,40261.00
64,656-79-6279,Donna,Carreras,78393.00
65,745-99-0161,Rosmarie,Carroll,98109.00
66,216-16-4120,Raul,Casts,41706.00
67,102-56-5530,Matthew,Cavallari,75290.00
68,787-23-4125,Andrew,Cencini,75121.00
69,424-55-1778,Stacey,Cereghino,25456.00
70,572-19-0999,Forrest,Chandler,49996.00
71,745-81-6513,Lee,Chapla,70991.00
72,947-66-5585,Yao-Qiang,Cheng,72455.00
73,531-83-4784,Nicky,Chesnut,13676.00
74,109-99-0299,Ruth,Choin,55818.00
75,483-85-6853,Anthony,Chor,71421.00
76,567-39-1024,Pei,Chow,57284.00
77,382-49-7387,Jill,Christie,94767.00
78,336-03-8102,Alice,Clark,47963.00
79,994-22-9926,Connie,Coffman,32136.00
80,129-28-7723,John,Colon,82858.00
81,347-44-2949,Scott,Colvin,1121.00
82,706-66-0382,Scott,Cooper,22281.00
83,500-63-2220,Eva,Corets,34410.00
84,942-15-7859,Marlin,Coriell,43154.00
85,143-78-9971,Jack,Creasey,66527.00
86,372-18-7905,Grant,Culbertson,69903.00
87,153-33-1155,Scott,Culp,87717.00
88,790-69-5423,Megan,Davis,69707.00
89,105-16-8373,Alvaro,De Matos Miranda Filho,15198.00
90,989-18-3523,Aidan,Delaney,86115.00
91,771-07-7325,Stefan,Delmarco,50994.00
92,545-83-9747,Prashanth,Desai,97968.00
93,994-72-1605,Bev,Desalvo,76954.00
94,558-23-5595,Brenda,Diaz,4027.00
95,752-63-1338,Blaine,Dockter,12312.00
96,825-10-8923,Cindy,Dodd,82876.00
97,368-69-8964,Patricia,Doyle,97282.00
98,597-44-1424,Gerald,Drury,20153.00
99,957-28-1545,Bart,Duncan,89903.00
100,187-17-8616,Maciej,Dusza,6725.00
101,194-76-9481,Carol,Elliott,49287.00
102,679-79-8165,Shannon,Elliott,94194.00
103,367-73-8845,John,Emory,65560.00
104,814-03-3691,Gail,Erickson,99845.00
105,214-28-9968,Mark,Erickson,95242.00
106,913-55-6645,Ann,Evans,48046.00
107,763-33-5650,John,Evans,59254.00
108,658-41-8532,Twanna,Evans,35364.00
109,943-41-6011,Carolyn,Farino,76201.00
110,691-30-8623,Geri,Farrell,39600.00
111,361-08-3217,François,Ferrier,3704.00
112,827-51-1487,Kathie,Flood,78467.00
113,483-93-0057,John,Ford,77552.00
114,738-37-1607,Garth,Fort,34381.00
115,822-59-9384,Dorothy,Fox,32679.00
116,309-79-2521,Mihail,Frintu,52898.00
117,814-32-0421,Paul,Fulton,1320.00
118,076-35-8143,Michael,Galos,24061.00
119,620-03-4764,Jon,Ganio,70002.00
120,769-76-3600,Dominic,Gash,89479.00
121,160-92-3129,Janet,Gates,49178.00
122,318-00-6667,Janet,Gates,68327.00
123,982-77-3975,Orlando,Gee,53281.00
124,328-68-1544,Darren,Gehring,13353.00
125,053-51-9173,Jim,Geist,91180.00
126,840-05-6646,Guy,Gilbert,3780.00
127,446-11-2924,Janet,Gilliat,89588.00
128,273-16-2522,Mary,Gimmi,53352.00
129,003-23-9305,Jeanie,Glenn,49086.00
130,878-44-1968,Scott,Gode,2744.00
131,910-05-4138,Mete,Goktepe,89053.00
132,912-33-3174,Abigail,Gonzalez,56550.00
133,058-26-3234,Michael,Graff,41144.00
134,687-28-3396,Douglas,Groncki,22262.00
135,496-75-4904,Brian,Groth,35712.00
136,071-00-8057,Erin,Hagens,48197.00
137,288-05-9705,Betty,Haines,6286.00
138,002-47-6040,Jean,Handley,22940.00
139,936-84-1664,Kerim,Hanif,80093.00
140,216-03-0835,John,Hanson,10237.00
141,525-81-0810,Lucy,Harrington,69388.00
142,331-25-9319,Keith,Harris,7729.00
143,770-01-5105,Keith,Harris,67336.00
144,208-84-9956,Roger,Harui,78271.00
145,633-34-5095,Ann,Hass,62689.00
146,022-89-0200,Valerie,Hendricks,10269.00
147,912-85-8027,Cheryl,Herring,95103.00
148,307-29-4403,Ronald,Heymsfield,30421.00
149,083-68-5072,Mike,Hines,35109.00
150,239-20-6174,Matthew,Hink,75140.00
151,162-43-8489,Bob,Hodges,84875.00
152,717-37-3032,David,Hodgson,15920.00
153,280-15-5623,Helge,Hoeing,23680.00
154,353-00-9496,Juanita,Holman,83632.00
155,162-65-6542,Peter,Houston,6335.00
156,427-43-7296,George,Huckaby,90908.00
157,603-61-0319,Joshua,Huff,55166.00
158,877-01-3415,Phyllis,Huntsman,58528.00
159,391-25-8382,Phyllis,Huntsman,86920.00
160,626-56-2930,Lawrence,Hurkett,11698.00
161,731-19-3470,Lucio,Iallo,83202.00
162,171-33-3481,Richard,Irwin,83990.00
163,828-77-1376,Erik,Ismert,7706.00
164,611-48-4137,Eric,Jacobsen,784.00
165,477-14-7161,Jodan,Jacobson,17695.00
166,738-83-2602,Sean,Jacobson,9412.00
167,589-30-3617,Joyce,Jarvis,42556.00
168,538-28-5108,Barry,Johnson,36190.00
169,661-09-8547,Barry,Johnson,80820.00
170,025-55-7602,Brian,Johnson,54767.00
171,422-34-6020,David,Johnson,26695.00
172,500-92-8728,Tom,Johnston,52805.00
173,170-89-3691,Jean,Jordan,68936.00
174,108-25-0733,Peggy,Justice,39764.00
175,392-44-2253,Sandeep,Kaliyath,84549.00
176,666-10-8497,Sandeep,Katyal,27585.00
177,738-29-5963,John,Kelly,31491.00
178,253-47-6467,Robert,Kelly,43239.00
179,059-47-6363,Kevin,Kennedy,18192.00
180,382-51-9530,Mitch,Kennedy,68959.00
181,480-79-4419,Imtiaz,Khan,66870.00
182,097-39-6667,Karan,Khanna,17048.00
183,625-86-1609,Anton,Kirilov,97398.00
184,109-78-5455,Christian,Kleinerman,22492.00
185,914-28-0431,Andrew,Kobylinski,47853.00
186,428-15-1588,Eugene,Kogan,61377.00
187,612-70-0567,Scott,Konersmann,87060.00
188,025-76-2628,Joy,Koski,165.00
189,920-75-2262,Diane,Krane,12316.00
190,748-12-0172,Kay,Krane,13614.00
191,230-78-1884,Kay,Krane,98499.00
192,121-03-7961,Margaret,Krupka,98845.00
193,993-16-0574,Peter,Kurniawan,67823.00
194,560-17-8321,Jeffrey,Kurtz,18840.00
195,176-23-2126,Eric,Lang,39005.00
196,678-53-5154,Elsa,Leavitt,71752.00
197,950-17-4726,Marjorie,Lee,28116.00
198,649-28-8360,Roger,Lengel,75588.00
199,507-95-7549,A.,Leonetti,71639.00
200,442-99-4943,Bonnie,Lepro,9089.00
201,674-71-8512,Elsie,Lewin,93630.00
202,418-20-4458,George,Li,74540.00
203,986-20-3872,Joseph,Lique,96968.00
204,716-41-6291,Paulo,Lisboa,11243.00
205,475-64-2482,Paulo,Lisboa,84392.00
206,471-03-3608,David,Liu,57309.00
207,440-49-4765,Jinghao,Liu,34991.00
208,321-33-7277,Kevin,Liu,20305.00
209,113-69-0506,Sharon,Looney,5368.00
210,311-21-1551,Judy,Lundahl,15667.00
211,710-73-5330,Denise,Maccietto,2258.00
212,321-14-1319,Scott,MacDonald,30158.00
213,340-75-5874,Kathy,Marcovecchio,10228.00
214,043-85-0648,Melissa,Marple,46100.00
215,253-33-7509,Frank,Mart¡nez,46267.00
216,335-68-4629,Chris,Maxwell,92921.00
217,535-30-6577,Sandra,Maynard,60264.00
218,613-34-9127,Walter,Mays,70620.00
219,754-70-9484,Lola,McCarthy,75175.00
220,758-46-9282,Jane,McCarty,78021.00
221,287-44-2853,Yvonne,McKay,38787.00
222,173-12-0893,Nkenge,McLin,27222.00
223,028-18-1290,R. Morgan,Mendoza,80464.00
224,035-47-1686,Helen,Meyer,79306.00
225,926-47-4349,Dylan,Miller,64819.00
226,947-84-3762,Frank,Miller,97091.00
227,598-00-4792,Virginia,Miller,77286.00
228,069-59-6908,Virginia,Miller,57881.00
229,864-49-8796,Neva,Mitchell,36848.00
230,484-78-0561,Joseph,Mitzner,42987.00
231,684-27-6433,Margaret,Smith,46020.00
232,521-85-5433,Laura,Steele,87969.00
233,239-08-6212,Alan,Steiner,71635.00
234,655-64-2836,Alice,Steiner,60544.00
235,850-56-7206,Derik,Stenerson,16798.00
236,077-42-9130,Vassar,Stern,55399.00
237,094-90-4314,Wathalee,Steuber,20296.00
238,409-83-6433,Liza Marie,Stevens,6631.00
239,351-34-7304,Robert,Stotka,88774.00
240,866-96-8557,Kayla,Stotler,19835.00
241,716-37-0786,Ruth,Suffin,38058.00
242,689-86-1583,Elizabeth,Sullivan,98566.00
243,622-25-6018,Michael,Sullivan,9242.00
244,137-21-0253,Brad,Sutton,44883.00
245,237-99-8262,Abraham,Swearengin,85958.00
246,518-41-6271,Julie,Taft-Rider,63622.00
247,554-31-5202,Clarence,Tatman,25188.00
248,591-44-7136,Chad,Tedford,22306.00
249,069-09-3831,Vanessa,Tench,44398.00
250,523-93-8801,Judy,Thames,89067.00
251,266-03-4963,Daniel,Thompson,36910.00
252,496-54-0726,Donald,Thompson,85206.00
253,984-43-6756,Kendra,Thompson,7375.00
254,047-31-4129,Diane,Tibbott,95073.00
255,217-20-9777,Delia,Toone,17369.00
256,420-28-0429,Michael John,Troyer,69381.00
257,236-75-2355,Christie,Trujillo,79299.00
258,984-20-5166,Sairaj,Uddin,41036.00
259,353-75-0098,Sunil,Uppal,23245.00
260,934-96-8406,Jessie,Valerio,62357.00
261,773-23-3159,Gregory,Vanderbout,21434.00
262,951-08-3331,Michael,Vanderhyde,72246.00
263,856-23-4990,Margaret,Vanderkamp,18918.00
264,359-67-5826,Gary,Vargas,37729.00
265,743-66-8203,Nieves,Vargas,61754.00
266,368-97-5673,Ranjit,Varkey Chudukatil,19423.00
267,890-04-1424,Patricia,Vasquez,59489.00
268,267-37-1036,Wanda,Vernon,11749.00
269,101-14-5907,Robert,Vessa,58459.00
270,148-51-2717,Caroline,Vicknair,83361.00
